{"cameraMode":{"drawMode":0,"name":"Shaded","section":"Shading Mode"},"sceneLighting":false,"audioPlay":false,"sceneViewState":{"m_AlwaysRefresh":false,"showFog":true,"showSkybox":false,"showFlares":true,"showImageEffects":true,"showParticleSystems":true,"showVisualEffectGraphs":true,"m_FxEnabled":true},"in2DMode":false,"pivot":{"x":5.542885780334473,"y":0.6939396262168884,"z":3.6500000953674318},"rotation":{"x":-0.017062518745660783,"y":-0.9210268259048462,"z":0.3870280385017395,"w":-0.04062458127737045},"size":0.7477668523788452,"orthographic":false}