{"cameraMode":{"drawMode":0,"name":"Shaded","section":"Shading Mode"},"sceneLighting":true,"audioPlay":false,"sceneViewState":{"m_AlwaysRefresh":false,"showFog":true,"showSkybox":true,"showFlares":true,"showImageEffects":true,"showParticleSystems":true,"showVisualEffectGraphs":true,"m_FxEnabled":true},"in2DMode":false,"pivot":{"x":30.076541900634767,"y":-10.592522621154786,"z":37.52172088623047},"rotation":{"x":0.12709307670593263,"y":0.35399961471557619,"z":-0.04862501844763756,"w":0.9252988696098328},"size":29.378772735595704,"orthographic":false}